<?xml version="1.0" encoding="UTF-8"?>
<plugin-upgrade
        xmlns="http://www.urbancode.com/UpgradeXMLSchema_v1"
        xmlns:xsi="http://www.w3.org/2001/XMLSchema-instance">
  
  <migrate to-version="2">
    <migrate-command name="Download Another Project Artifacts">
      <migrate-properties>
        <migrate-property name="useCache"/>
      </migrate-properties>
    </migrate-command>
    <migrate-command name="Download Dependencies">
      <migrate-properties>
        <migrate-property name="useCache"/>
      </migrate-properties>
    </migrate-command>
  </migrate>
  
  <migrate to-version="3">
    <migrate-command name="Download Artifacts">
      <migrate-properties>
        <migrate-property name="useCache"/>
      </migrate-properties>
    </migrate-command>
  </migrate>
  
  <migrate to-version="4">
  </migrate>
  
  <migrate to-version="5">
  </migrate>
  
</plugin-upgrade>