<?xml version="1.0" encoding="UTF-8"?><!--
- Licensed Materials - Property of IBM Corp.
- IBM UrbanCode Build
- (c) Copyright IBM Corporation 2012, 2014. All Rights Reserved.
-
- U.S. Government Users Restricted Rights - Use, duplication or disclosure restricted by
- GSA ADP Schedule Contract with IBM Corp.
--><pluginInfo>

  <!-- Do not change the release-version, the build process injects it. -->
  <release-version>11.753113</release-version>

  <release-notes>
    <!--
      **release-note IS required**

      The plugin-version name must match the plugin version found in the plugin.xml file

      The release-note should document the changes, improvements, or bug fixes introduced
      with the new plugin version

      The release-note may contain text or reference a file in the plugin zip package

      For example your release note could be:
      Support for was added for version 10.0 for software X
      or
      releaseNotes/release1.html (where release1.html contains html formatted version information)
      -->

    <release-note plugin-version="1">
      Installing this plugin will give you access to the steps listed below. These steps will be available for use when designing a Job.
    </release-note>

    <release-note plugin-version="2">
      Installing this plugin will give you access to the steps listed below. These steps will be available for use when designing a Job.
    </release-note>

    <release-note plugin-version="3">
      Added a new property that allows the user to specify the location of a FindBugs zip file that can supply detailed descriptions for any findings
    </release-note>

    <release-note plugin-version="4">
      Get full descriptions from FindBugs. This uses the descriptions of findings from FindBugs version 2.0.2.
    </release-note>

    <release-note plugin-version="5">
      Add a checkbox to only publish counts of findings. This saves space if you have a large number of findings. Requires uBuild 4.3.
    </release-note>

    <release-note plugin-version="6">
      Add a checkbox to only publish counts of findings. This saves space if you have a large number of findings. Fix some types of findings that were reporting the wrong class. Requires uBuild 4.3.
    </release-note>

    <release-note plugin-version="7">
      Update to a newer version of a library for HTTP communication.
    </release-note>

    <release-note plugin-version="8">
      Fix a bug introduced in version 7.
    </release-note>

    <release-note plugin-version="9">
      Fixed an issue where communication with the UrbanCode Build server would fail if it was running with an IBM JDK/JRE.
    </release-note>

    <release-note plugin-version="10">
      Fixed an issue where the FindBugs plugin would fail on empty FindBugs report files.
    </release-note>
    <release-note plugin-version="11">Added RPX dependency and English translations</release-note>

  </release-notes>
</pluginInfo>