<?xml version="1.0" encoding="UTF-8"?><!--
- Licensed Materials - Property of IBM Corp.
- IBM UrbanCode Build
- (c) Copyright IBM Corporation 2012, 2014. All Rights Reserved.
-
- U.S. Government Users Restricted Rights - Use, duplication or disclosure restricted by
- GSA ADP Schedule Contract with IBM Corp.
--><pluginInfo>
  <!--
  
  **author name IS required**
  
  The Author Section is used to give credit to the author of the plugin.
  Name is the only required element/attribute, but feel free to also include your email, 
  website  or bio to allow users of your plugin to praise your work, ask questions 
  or share their use case to help grow your plugin's functionality. 
  -->
  
  <author name="UrbanCode">
    <organization>UrbanCode</organization>
    <email>info@urbancode.com</email>
    <website>http://urbancode.com</website>
    <bio/>
  </author>
  
  <!--
  
  **intergration type IS Required**
  
  The integration type section identifies where the plugin fits into the process
  excepted types are SCM, Build, Artifact, Automation, Deploy 
  
  For example:
  
  The plugin pulls Artifacts from an artifact repository during deployment
  the Type would be "Artifact"
  or 
  The plugin deploys to a middleware server 
  the Type would be "Deploy"
  -->
  
  <integration type="deploy"/>
  
  
  <!-- 
  **source is NOT required**
  
  The source section identifies the location of the plugin source code
  For example 
  https://github.com/...
  -->
  <!--
  <source url=""/>
  -->
  <!-- 
  **license type is NOT required**
  
  If your plugin uses any licensed software please acknowledge it by 
  listing the license type below  
  -->
  <!--
  <licenses>
    <license type=""/>
  </licenses>
  -->
  <!-- 
  **tool-description IS required**
  
  The tool-description section is used to summarize the software 
  the plugin was created to integrate with. 
  
  For example: 
  Apache Ant is a software tool to automate software processes during the build or 
  deployment of an application. Ant uses an propitiatory XML file to define build 
  and/or deployment steps(referred to as targets by ant) . The Ant executable is 
  called to execute the targets in the build.xml.
  -->
  
  <tool-description>Release management and automation to improve speed, correctness, and traceability of complex application deployments.</tool-description>
  
  <!-- 
  **related-info is NOT required**
  
  The releated-info section is used to define links which may be useful to users of the plugin 
  but don't fall into the release-notes or tool-description section. 
  
  For example: releated-info can be links to pdf documentation, help videos related to plugin setup or the product's
  website.
  
  excepted values for type include: PDF, WEBSITE, VIDEO  
  -->
  <related-info>
    <link description="uDeploy Website" title="uDeploy" type="WEBSITE" url="http://www.urbancode.com/html/products/deploy"/>
  </related-info>
  <!-- 
  **meta-html in NOT required**
  
  The meta-html section is used define the meta description and the meta keywords of the plugin page.The meta 
  description tag allows you to influence the description of your page in the web crawlers that support the 
  tag The meta keywords tag allows   you to provide additional text for crawler-based search engines to index 
  along with your body copy. 
  
  If multiple keywords are used they must be comma(,) delimited   
  -->  
  
  <meta-html>
    <meta content="" name="description"/>
    <meta content="" name="keywords"/>  
  </meta-html>

  <!-- Do not change the release-version, the build process injects it. -->
  <release-version>22.593716</release-version>
    
  <release-notes>
    <!--
      **release-note IS required**
      
      The plugin-version name must match the plugin version found in the plugin.xml file 
      
      The release-note should document the changes, improvements, or bug fixes introduced 
      with the new plugin version 
        
      The release-note may contain text or reference a file in the plugin zip package
      
      For example your release note could be:
      Support for was added for version 10.0 for software X
      or 
      releaseNotes/release1.html (where release1.html contains html formatted version information)
      -->
      
      <release-note plugin-version="1">
        This plugin provides a integration for uBuild to create component versions in uDeploy. 
      </release-note>
      <release-note plugin-version="2">
        Removed the offset and baseDir properties. Added in includes and excludes properties to help filter files being uploaded to uDeploy.
      </release-note>
      <release-note plugin-version="3">
        Added a new step to deploy component versions
      </release-note>
      <release-note plugin-version="4">
        Renamed properties on the Deploy Component Version step
      </release-note>
      <release-note plugin-version="5">
        Added a new step that allows setting properties on component versions
      </release-note>
      <release-note plugin-version="6">
        Added a new step to allow uploading of artifacts to an existing version
      </release-note>
      <release-note plugin-version="7">
        Added a two new steps that allow uploading of artifact sets to an existing version
      </release-note>
      <release-note plugin-version="8">
        Added a two new steps that allow uploading of artifact sets to an existing version
      </release-note>
      <release-note plugin-version="9">
        Add a optional description to created component versions. Optionally add properties in the create version step.
      </release-note>
      <release-note plugin-version="10">
        Update the 'Upload All Artifact Sets' to set component version description and properties.
      </release-note>
      <release-note plugin-version="11">
        Update the 'Upload All Artifact Sets' transfer artifacts from server to server. This requires uBuild 4.3 or later.
      </release-note>
      <release-note plugin-version="12">
        Fix a bug in the Create Component Version step when creating multiple new properties on the component. This requires uBuild 4.3 or later.
      </release-note>
      <release-note plugin-version="13">
        Update to a newer version of a library for HTTP communication.
      </release-note>
      <release-note plugin-version="14">
        Added a step for adding statuses to versions. Updated the Create Component Version step to allow adding statuses during creation.
      </release-note>
      <release-note plugin-version="15">
        Added compatibility with uDeploy servers before 4.8.4 when using the Create Component Version and Add Component Version Status steps.
      </release-note>
      <release-note plugin-version="16">
        Fix a bug in the Upload All Artifact Sets step where the step would fail if a component name contained a forward slash.
      </release-note>
      <release-note plugin-version="17">
        Fixed a bug in Set Version Properties step for uDeploy 5.0 where multiple Set Version Properties steps would overwrite each other.
      </release-note>
      <release-note plugin-version="18">
        Updated branding to IBM UrbanCode Deploy. Added support for using an auth token in place of a username/password combination.
      </release-note>
      <release-note plugin-version="19">
        Fixed a bug in the 'Upload Artifact Set' step where a unique directory was not used for artifacts.
      </release-note>
      <release-note plugin-version="20">
        Update the 'Upload All Artifact Sets' step to support IBM UrbanCode Deploy 6.1 and later. This requires uBuild version 5.0.1.3 or later.
      </release-note>
      <release-note plugin-version="21">
        Add a flag to the 'Upload Artifact Set' step to suppress the artifact set directory when uploading to IBM UrbanCode Deploy.
      </release-note>
      <release-note plugin-version="22">
        Fix the 'Deploy Component Version' step when using and auth token.
      </release-note>
      
  </release-notes>
</pluginInfo>